{
  "project_info": {
    "project_number": "789806319083",
    "firebase_url": "https://lab2-a0a02.firebaseio.com",
    "project_id": "lab2-a0a02",
    "storage_bucket": "lab2-a0a02.appspot.com"
  },
  "client": [
    {
      "client_info": {
        "mobilesdk_app_id": "1:789806319083:android:34268429a7640de5",
        "android_client_info": {
          "package_name": "com.example.mad.lab2"
        }
      },
      "oauth_client": [
        {
          "client_id": "789806319083-6964iq0t9cgd8sepnn95kdjtja7t78su.apps.googleusercontent.com",
          "client_type": 3
        }
      ],
      "api_key": [
        {
          "current_key": "AIzaSyDpUTXf2j3BCtvXNW-zL3G56G5qvmhrBZE"
        }
      ],
      "services": {
        "analytics_service": {
          "status": 1
        },
        "appinvite_service": {
          "status": 1,
          "other_platform_oauth_client": []
        },
        "ads_service": {
          "status": 2
        }
      }
    }
  ],
  "configuration_version": "1"
}